"week","group_1","group_2","group_3","group_4","group_5","Strategy"
"20080104",0.0190204867256637,0.00707555555555556,0.0158414666666667,0.0201608444444444,0.0223648672566372,0.00334438053097345
"20080111",-0.066813185840708,-0.0610552444444444,-0.0552649777777778,-0.0710888,-0.075127610619469,-0.00831442477876107
"20080118",-0.070721017699115,-0.0859665777777778,-0.0881411555555556,-0.0781531111111111,-0.0917199557522124,-0.0209989380530974
"20080125",-0.0126365486725664,0.0127886222222222,0.0334368888888889,0.0332026222222222,0.0321096017699115,0.0447461504424779
"20080201",0.0498743362831858,0.0480167256637168,0.0351141592920354,0.034513185840708,0.0382579646017699,-0.0116163716814159
"20080205",0.0549037168141593,0.0559147787610619,0.0483655309734513,0.0486841150442478,0.0534602654867257,-0.00144345132743363
"20080215",-0.0384051327433628,-0.0314695132743363,-0.0346271681415929,-0.0376245575221239,-0.0419621238938053,-0.00355699115044248
"20080222",0.0639945132743363,0.0727791150442478,0.0785961946902655,0.0784215486725664,0.0771850442477876,0.0131905309734513
"20080229",-0.0552972566371681,-0.0466945132743363,-0.0504075221238938,-0.0481755309734513,-0.0447743805309734,0.0105228761061947
"20080307",-0.133644778761062,-0.133586548672566,-0.14268017699115,-0.134916283185841,-0.149272831858407,-0.0156280530973451
"20080314",0.0216083628318584,0.00458632743362832,-0.00268482300884956,-0.0258357522123894,-0.0185484955752212,-0.0401568584070797
"20080321",-0.0766121238938053,-0.0663634513274336,-0.0530475663716814,-0.0504347787610619,-0.0571514601769912,0.0194606637168142
"20080328",-0.0392473451327434,-0.0401346017699115,-0.0473340265486726,-0.0362544690265487,-0.0134392920353982,0.0258080530973451
"20080403",-0.0573403982300885,-0.0722253539823009,-0.073020796460177,-0.0696286283185841,-0.0519927876106195,0.00534761061946903
"20080411",-0.0774369469026549,-0.0953621238938053,-0.102688053097345,-0.101980575221239,-0.107038982300885,-0.0296020353982301
"20080418",0.103109380530973,0.0972873451327434,0.114167433628319,0.126997831858407,0.134963761061947,0.0318543805309735
"20080425",0.0274771238938053,0.0225407522123894,0.0261888938053097,0.0255374336283186,0.0577096017699115,0.0302324778761062
"20080430",0.017008407079646,-2.88053097345133e-05,0.00265269911504425,-0.00499508849557522,-0.00531557522123894,-0.022323982300885
"20080509",-0.0205608849557522,0.00913230088495575,0.0029796017699115,0.0164529646017699,0.0265186725663717,0.0470795575221239
"20080516",-0.0873816371681416,-0.0902744690265487,-0.0932981415929204,-0.0926743362831858,-0.0956684513274336,-0.00828681415929203
"20080523",0.00834823008849558,0.0145519026548673,0.0180835840707965,0.023999203539823,0.0302876548672566,0.0219394247787611
"20080530",-0.129271371681416,-0.144954159292035,-0.134901814159292,-0.126575707964602,-0.119095398230088,0.0101759734513274
"20080606",-0.163626769911504,-0.157277610619469,-0.165502168141593,-0.174795088495575,-0.17595017699115,-0.012323407079646
"20080613",-0.0871419911504425,-0.0929719911504425,-0.101494247787611,-0.102478185840708,-0.100773849557522,-0.0136318584070796
"20080620",0.024156017699115,0.0273476991150442,0.0270423008849558,0.0221703982300885,0.0320407079646018,0.00788469026548672
"20080627",0.079683407079646,0.0853622566371681,0.0938320353982301,0.0915833185840708,0.0878650442477876,0.00818163716814159
"20080704",0.0193826991150442,0.0345935398230088,0.0419846017699115,0.0480051769911504,0.0508865486725664,0.0315038495575221
"20080711",-0.0232987610619469,-0.0195111061946903,-0.0149892477876106,-0.0168615486725664,-0.0172562831858407,0.0060424778761062
"20080718",0.0238823008849558,0.0252938495575221,0.0336328318584071,0.0352000884955752,0.0391513716814159,0.0152690707964602
"20080725",-0.0661125221238938,-0.0723780530973451,-0.0720854424778761,-0.070173185840708,-0.0714317256637168,-0.00531920353982301
"20080801",-0.183016163793103,-0.171207112068966,-0.177996926406926,-0.186894181034483,-0.184818275862069,-0.00180211206896552
"20080808",-0.0897113362068966,-0.093123275862069,-0.0834171861471861,-0.0891315948275862,-0.0937466810344828,-0.0040353448275862
"20080815",0.0364027155172414,0.0408553448275862,0.0392855844155844,0.0434558189655172,0.0437680603448276,0.00736534482758621
"20080822",-0.0595053879310345,-0.0590734051724138,-0.0535824242424242,-0.0505180603448276,-0.0450494827586207,0.0144559051724138
"20080829",-0.113428879310345,-0.0849183620689655,-0.0895819480519481,-0.0768673706896552,-0.08222875,0.0312001293103448
"20080905",-0.0309165086206897,-0.0230747844827586,-0.022491645021645,-0.02332375,-0.0243184482758621,0.00659806034482759
"20080912",0.0137877155172414,0.0100593534482759,0.0285251082251082,0.0247798275862069,0.0255767672413793,0.0117890517241379
"20080919",-0.0580275862068966,-0.0710690086206897,-0.0638437662337662,-0.0543924568965517,-0.0484976293103448,0.00952995689655173
"20080926",-0.0838241810344828,-0.0898687068965517,-0.0916142857142857,-0.0914036206896552,-0.0965349137931034,-0.0127107327586207
"20081010",-0.0512081896551724,-0.0439045689655172,-0.0431700432900433,-0.0447503879310345,-0.0581108189655172,-0.00690262931034483
"20081017",-0.108427284482759,-0.116389094827586,-0.106539350649351,-0.0992265948275862,-0.107448706896552,0.000978577586206897
"20081024",-0.0445398706896552,-0.033478275862069,-0.0415341558441558,-0.0375432327586207,-0.03397875,0.0105611206896552
"20081031",0.0774472413793103,0.0878369827586207,0.0897934632034632,0.100368620689655,0.103302456896552,0.0258552155172414
"20081107",0.125355560344828,0.145337112068966,0.157341212121212,0.173567844827586,0.185029396551724,0.0596738362068966
"20081114",-0.0640000431034483,-0.0665593103448276,-0.0635118181818182,-0.063752974137931,-0.0660802586206897,-0.00208021551724138
"20081121",0.0389027155172414,0.0491612068965517,0.0399836796536797,0.0417355172413793,0.0379140517241379,-0.000988663793103445
"20081128",0.0947663362068965,0.118988232758621,0.126675541125541,0.145369396551724,0.168281637931034,0.0735153017241379
"20081205",-0.0623263362068966,-0.052498275862069,-0.0553855844155844,-0.056014525862069,-0.0545103017241379,0.00781603448275862
"20081212",0.0476833189655172,0.0403931465517241,0.055551341991342,0.0549876724137931,0.0676625,0.0199791810344828
"20081219",-0.0876493534482759,-0.0995092672413793,-0.107956363636364,-0.104706336206897,-0.111782844827586,-0.0241334913793103
"20081226",0.0533146120689655,0.05123125,0.0652711688311688,0.0551303448275862,0.0642531034482759,0.0109384913793103
"20081231",0.0391059051724138,0.0579259051724138,0.0551867532467532,0.0645878879310345,0.0671833189655172,0.0280774137931034
"20090109",0.0172761637931034,0.03038125,0.0318022943722944,0.0340881896551724,0.0407061206896552,0.0234299568965517
"20090116",0.0467241379310345,0.0464290086206897,0.0458522077922078,0.0447722413793103,0.0461090948275862,-0.00061504310344828
"20090123",0.0919528099173554,0.104770580912863,0.11486244813278,0.123667925311203,0.133695,0.0417421900826446
"20090206",0.0813957851239669,0.0941429875518672,0.108269170124481,0.109523609958506,0.10488847107438,0.0234926859504132
"20090213",0.00705826446280992,0.0049944398340249,0.0054092531120332,0.0042249377593361,0.00427070247933884,-0.00278756198347107
"20090220",-0.145159545454545,-0.148894149377593,-0.15897734439834,-0.148661369294606,-0.131350165289256,0.0138093801652893
"20090227",0.0128368181818182,0.0265633195020747,0.0309359751037344,0.0302444398340249,0.019553347107438,0.00671652892561983
"20090306",0.0221635950413223,0.02724377593361,0.0344027800829876,0.0285528215767635,0.027840041322314,0.00567644628099174
"20090313",0.0816132644628099,0.0852471369294606,0.0869408298755187,0.0938429045643153,0.0872696280991736,0.00565636363636364
"20090320",0.0113111983471074,0.0198154771784232,0.0172348547717842,0.0221446887966805,0.0252957851239669,0.0139845867768595
"20090327",0.0285963223140496,0.0301752697095436,0.0272221991701245,0.0421732780082988,0.0248754958677686,-0.00372082644628099
"20090403",0.051180041322314,0.0437203734439834,0.0417536514522822,0.0419099170124481,0.0381162396694215,-0.0130638016528926
"20090410",0.032554173553719,0.0414299585062241,0.0537154771784232,0.0555652697095436,0.0551752479338843,0.0226210743801653
"20090417",-0.105231404958678,-0.0877519087136929,-0.0948413692946058,-0.092144356846473,-0.0870302066115703,0.0182011983471074
"20090424",0.106763016528926,0.0993992116182573,0.100279087136929,0.094954356846473,0.0832719421487603,-0.0234910743801653
"20090430",-0.0200249173553719,-0.012112489626556,-0.00939269709543568,-0.00875132780082988,-0.0108747107438017,0.00915020661157025
"20090508",0.0543477685950413,0.052873112033195,0.052822531120332,0.0513213692946058,0.0397468181818182,-0.0146009504132231
"20090515",-0.0201709090909091,-0.00661460580912863,-0.01509,-0.0127807883817427,-0.00649756198347107,0.013673347107438
"20090522",0.0321187190082645,0.0356463485477178,0.0394225311203319,0.032012489626556,0.0369395867768595,0.00482086776859504
"20090527",0.000911818181818182,0.00608195020746888,0.00601672199170124,0.0101584647302905,0.0205138429752066,0.0196020247933884
"20090605",-0.00224727272727273,-0.000602614107883817,0.0109815352697095,0.00482717842323651,0.00537805785123967,0.0076253305785124
"20090612",0.00940710743801653,0.013176846473029,0.0174226556016598,0.0154820746887967,0.015436694214876,0.0060295867768595
"20090619",0.0260067355371901,0.0238881742738589,0.0190718257261411,0.0179916182572614,0.0186590909090909,-0.00734764462809917
"20090626",0.0249489256198347,0.0322945228215768,0.0308651452282158,0.0242457261410788,0.0198695867768595,-0.00507933884297521
"20090703",0.0421080165289256,0.0453839004149378,0.0369346473029046,0.0532452697095436,0.0459440082644628,0.00383599173553719
"20090710",0.0343129752066116,0.0451454771784232,0.0489303734439834,0.0533688381742739,0.0540550826446281,0.0197421074380165
"20090717",0.0118327685950413,0.0160785062240664,0.0154515767634855,0.0118294190871369,0.0191426446280992,0.00730987603305785
"20090724",0.00526140495867769,0.009809377593361,0.0141192116182573,0.0116564315352697,0.0189494628099174,0.0136880578512397
"20090731",-0.0442288306451613,-0.0333401612903226,-0.0274191093117409,-0.0163011290322581,0.00185221774193548,0.0460810483870968
"20090807",-0.143408669354839,-0.155999274193548,-0.15646004048583,-0.163566330645161,-0.170651975806452,-0.0272433064516129
"20090814",0.0647031451612903,0.0581930241935484,0.0527172874493927,0.0423372983870968,0.0432891129032258,-0.0214140322580645
"20090821",-0.086553064516129,-0.0884743548387097,-0.0827436032388664,-0.0650028629032258,-0.0681678629032258,0.0183852016129032
"20090828",0.0686561290322581,0.0726567338709677,0.0773734817813765,0.0790275,0.0797438306451613,0.0110877016129032
"20090904",0.0545161290322581,0.0551534274193548,0.0562305263157895,0.0533920564516129,0.0555789919354839,0.0010628629032258
"20090911",0.0031975,0.0160420967741935,0.0141586234817814,0.0169994758064516,0.0293843548387097,0.0261868548387097
"20090918",-0.105892862903226,-0.107497137096774,-0.105233279352227,-0.0981022983870968,-0.0922856451612903,0.0136072177419355
"20090925",0.05612,0.0633033467741936,0.059495991902834,0.0635495564516129,0.0585934677419355,0.00247346774193548
"20090930",0.0428540322580645,0.0346504838709677,0.0368775708502024,0.0408097177419355,0.0371483064516129,-0.00570572580645161
"20091009",0.0563110887096774,0.0481714516129032,0.0582465182186235,0.0604227419354839,0.0659206048387097,0.00960951612903226
"20091016",0.0169095967741935,0.0224883064516129,0.0242547773279352,0.0308772983870968,0.0332373387096774,0.0163277419354839
"20091023",0.00646903225806452,0.00929512096774194,0.00447502024291498,0.0014816935483871,-0.00277653225806452,-0.00924556451612903
"20091030",0.0381509274193548,0.0481789112903226,0.0531336842105263,0.0583500403225806,0.0686962096774194,0.0305452822580645
"20091106",0.0388733064516129,0.039905564516129,0.0438576923076923,0.0400697580645161,0.0497712096774194,0.0108979032258065
"20091113",0.0422827016129032,0.0489683467741935,0.0548412145748988,0.0498418548387097,0.0518861290322581,0.00960342741935484
"20091120",-0.0335835483870968,-0.0490762096774194,-0.0458525101214575,-0.0432884274193548,-0.0493438306451613,-0.0157602822580645
"20091127",0.024875,0.0358482258064516,0.0496584210526316,0.051788064516129,0.0478736693548387,0.0229986693548387
"20091204",-0.0137588306451613,-0.0152981451612903,-0.0168354251012146,-0.0162185483870968,-0.0146607661290323,-0.000901935483870967
"20091211",-0.0561044758064516,-0.059834435483871,-0.06021995951417,-0.0545323387096774,-0.0560853629032258,1.91129032258083e-05
"20091218",0.0499117338709677,0.0441199193548387,0.0393698380566802,0.0294430241935484,0.0282741935483871,-0.0216375403225806
"20091225",0.025020685483871,0.0198716129032258,0.0264151821862348,0.0209525806451613,0.0179979435483871,-0.00702274193548387
"20091231",0.000670322580645161,0.00693540322580645,0.0066285020242915,0.00019375,0.00138508064516129,0.000714758064516129
"20100108",0.0507666532258065,0.0592316935483871,0.057134008097166,0.0582945161290323,0.0597595161290323,0.0089928629032258
"20100115",-0.0844795967741935,-0.0731698387096774,-0.0713696356275304,-0.0651557258064516,-0.0609767338709677,0.0235028629032258
"20100122",-0.0251256048387097,-0.0359413709677419,-0.0422403643724696,-0.0470157661290323,-0.0506458064516129,-0.0255202016129032
"20100129",-0.00724359848484848,-0.0014367803030303,0.00717338403041825,0.00305310606060606,0.00429579545454545,0.0115393939393939
"20100205",0.0197351136363636,0.0270468181818182,0.026812319391635,0.0255318939393939,0.0236555303030303,0.00392041666666667
"20100212",0.0647911363636364,0.0657618939393939,0.0574433460076046,0.0560944318181818,0.0532461742424242,-0.0115449621212121
"20100226",-0.0194043181818182,-0.0126495454545455,-0.00559376425855513,-4.51893939393939e-05,0.00241337121212121,0.0218176893939394
"20100305",-0.0445826515151515,-0.0448034090909091,-0.0382285551330799,-0.0398267803030303,-0.0385529545454545,0.00602969696969697
"20100312",0.0493052651515151,0.0508107575757576,0.0544361216730038,0.0535038636363636,0.0563314772727273,0.00702621212121213
"20100319",0.00421556818181818,0.00483969696969697,0.00835026615969582,0.00624905303030303,0.0054192803030303,0.00120371212121212
"20100326",0.0315360984848485,0.0310762878787879,0.0252654372623574,0.0290676515151515,0.0284268939393939,-0.00310920454545455
"20100402",0.00914022727272727,0.00757022727272727,0.00363163498098859,0.00831935606060606,0.0113421590909091,0.00220193181818182
"20100409",-0.057199053030303,-0.0672242424242424,-0.057105855513308,-0.0626355303030303,-0.0552141666666667,0.00198488636363636
"20100416",0.040614053030303,0.0363912878787879,0.0330389733840304,0.0240436742424242,0.0121588257575758,-0.0284552272727273
"20100423",-0.0897608712121212,-0.0918584848484848,-0.0997362737642586,-0.101780416666667,-0.0887805681818182,0.00098030303030304
"20100430",-0.0750847727272727,-0.0686424242424242,-0.0692250190114068,-0.0559898484848485,-0.0540211363636364,0.0210636363636364
"20100507",-0.080575303030303,-0.102855303030303,-0.0907942585551331,-0.09158875,-0.0756721212121212,0.00490318181818181
"20100514",0.0587339393939394,0.0526742803030303,0.0515158935361217,0.0493664015151515,0.0557520833333333,-0.00298185606060606
"20100521",-0.00925852272727273,-0.0171253787878788,-0.0160260076045627,-0.0206188636363636,-0.0162217803030303,-0.00696325757575758
"20100528",-0.00708765151515152,-0.0092792803030303,-0.0120553231939163,-0.0130973106060606,-0.0158359848484848,-0.00874833333333333
"20100604",0.011032803030303,0.0198980303030303,0.0272207604562738,0.0311175757575758,0.0333720454545455,0.0223392424242424
"20100611",-0.0160111363636364,-0.0112434848484848,-0.00427520912547528,0.00138159090909091,0.00133806818181818,0.0173492045454545
"20100618",-0.0318023863636364,-0.0303469696969697,-0.0286561977186312,-0.0259814772727273,-0.0221628409090909,0.00963954545454546
"20100625",-0.102775795454545,-0.104551363636364,-0.108745931558935,-0.104648409090909,-0.10844821969697,-0.00567242424242424
"20100702",0.0728885227272727,0.0741305681818182,0.0801361596958175,0.0826611363636364,0.0782082196969697,0.00531969696969697
"20100709",-0.00575128787878788,0.000759166666666667,0.0054606463878327,0.00997136363636364,0.00124890151515152,0.00700018939393939
"20100716",0.0498355303030303,0.051841553030303,0.0584711406844106,0.0655267424242424,0.0720742045454545,0.0222386742424242
"20100723",0.0399742424242424,0.0443292803030303,0.0422396577946768,0.0521359848484848,0.0567248484848485,0.0167506060606061
"20100730",0.027448381294964,0.0236832129963899,0.0251463898916967,0.0295807942238267,0.0386042238267148,0.0111558425317508
"20100806",0.00710053956834532,0.00271761732851986,0.0048614440433213,0.0034971119133574,0.00366281588447653,-0.00343772368386879
"20100813",-0.00573363309352518,-0.00601942238267148,-0.00488945848375451,-0.00192097472924188,0.00304270758122744,0.00877634067475262
"20100820",0.0327705755395683,0.0267036462093863,0.025112274368231,0.024148880866426,0.0285596389891697,-0.00421093655039867
"20100827",0.0173814028776978,0.021499963898917,0.0254558483754513,0.0252574368231047,0.033633321299639,0.0162519184219411
"20100903",0.0285697841726619,0.0262880866425993,0.0239227075812274,0.0208131046931408,0.0217235379061372,-0.00684624626652469
"20100910",-0.0550541007194245,-0.0490585920577617,-0.0483841516245487,-0.048806714801444,-0.0463038267148014,0.00875027400462301
"20100917",0.0256722302158273,0.0214346931407942,0.0207195667870036,0.0197495667870036,0.0178246931407942,-0.00784753707503312
"20100921",0.0286702517985612,0.0295653790613718,0.0317205415162455,0.0375736462093863,0.0439732490974729,0.0153029972989118
"20100930",-0.0276926978417266,-0.00977043321299639,0.00225238267148014,0.0142097472924188,0.0168880144404332,0.0445807122821598
"20101008",-0.0485235611510791,-0.0316285198555957,-0.024550036101083,-0.00570469314079422,-0.0062215523465704,0.0423020088045087
"20101015",0.0839497482014388,0.0752496750902527,0.0708011913357401,0.0604311913357401,0.0537965703971119,-0.0301531778043269
"20101022",0.0407335251798561,0.0344841516245487,0.0347581227436823,0.0285638989169675,0.0280776173285199,-0.0126559078513363
"20101029",0.035543309352518,0.0391504693140794,0.0439930685920578,0.0430582671480144,0.0464007220216607,0.0108574126691427
"20101105",-0.0448898920863309,-0.0574092418772563,-0.0540302166064982,-0.0450260288808664,-0.0396054512635379,0.00528444082279303
"20101112",-0.0238359352517986,-0.0271665703971119,-0.0166288086642599,-0.0108928519855596,-0.0135696750902527,0.0102662601615459
"20101119",0.0209308633093525,0.0208501805054152,0.0184619855595668,0.017402238267148,0.0087498916967509,-0.0121809716126016
"20101126",-0.0439484892086331,-0.045810036101083,-0.0317287364620939,-0.0330605776173285,-0.0278876173285199,0.0160608718801132
"20101203",0.0399369784172662,0.0336712274368231,0.0247871119133574,0.0247936101083032,0.0215605415162455,-0.0183764369010207
"20101210",-0.00531435251798561,0.000782093862815884,-0.0057885559566787,-0.00218635379061372,-0.0083587725631769,-0.00304442004519128
"20101217",-0.0654208273381295,-0.0608329602888087,-0.0534745487364621,-0.0490293501805054,-0.0442906498194946,0.0211301775186349
"20101224",0.0472407194244604,0.0378861371841155,0.0315787725631769,0.0220525992779783,0.0177418411552347,-0.0294988782692258
"20101231",-0.046888345323741,-0.0428254512635379,-0.0311656678700361,-0.0290087364620939,-0.0226071119133574,0.0242812334103836
"20110107",-0.0699726258992806,-0.0710375451263538,-0.0633910108303249,-0.0564753429602888,-0.0493161010830325,0.0206565248162481
"20110114",-0.0218388848920863,-0.0234507581227437,-0.0164983393501805,-0.0146631407942238,-0.0109036823104693,0.010935202581617
"20110121",0.0386998561151079,0.0388270397111913,0.0397453068592058,0.0401386642599278,0.0434581227436823,0.0047582666285744
"20110128",0.0515432374100719,0.0498929963898917,0.0567459927797834,0.0536649458483755,0.0565890252707581,0.00504578786068619
"20110201",0.0677347902097902,0.0729347368421053,0.0744909122807018,0.0720169473684211,0.0775377972027972,0.00980300699300699
"20110211",0.0378067132867133,0.0308254035087719,0.0325402456140351,0.0322166666666667,0.0340847202797203,-0.003721993006993
"20110218",0.00232625874125874,0.00571719298245614,0.00823035087719298,0.0114798596491228,0.0168062237762238,0.014479965034965
"20110225",0.00640087412587413,0.0104308771929825,0.0180861052631579,0.0171027719298246,0.0177828671328671,0.011381993006993
"20110304",0.0142235314685315,0.00347536842105263,0.00205354385964912,0.00553768421052632,0.00794332167832168,-0.00628020979020979
"20110311",-0.0214201398601399,-0.0151904210526316,-0.017797298245614,-0.0101580350877193,-0.0151847902097902,0.00623534965034965
"20110318",0.027662972027972,0.0232739649122807,0.02928,0.0168449473684211,0.0165144055944056,-0.0111485664335664
"20110325",-0.0325994755244755,-0.0175404561403509,-0.0111452280701754,-0.0163163157894737,-0.0273302097902098,0.00526926573426573
"20110401",0.0232342657342657,0.0156677192982456,0.0191691228070175,0.0187192631578947,0.0205855594405594,-0.0026487062937063
"20110408",0.0236621678321678,0.00728652631578947,0.0160131228070175,0.0128475789473684,0.0134829370629371,-0.0101792307692308
"20110415",-0.0328621328671329,-0.0304915789473684,-0.0288103859649123,-0.0276461052631579,-0.012646048951049,0.0202160839160839
"20110422",-0.0208926573426573,-0.0279817543859649,-0.025158701754386,-0.0315922105263158,-0.0354455944055944,-0.0145529370629371
"20110429",0.00811272727272727,-0.0025080701754386,-0.0010339298245614,0.00433838596491228,0.00533937062937063,-0.00277335664335664
"20110506",0.00986304195804196,0.0102660350877193,0.00609452631578947,0.000575824561403509,-0.00485723776223776,-0.0147202797202797
"20110513",-0.0631136713286713,-0.0450093333333333,-0.0368363157894737,-0.0317323859649123,-0.0357011888111888,0.0274124825174825
"20110520",-0.0924495104895105,-0.066999649122807,-0.0653513684210526,-0.0617118596491228,-0.0583493006993007,0.0341002097902098
"20110527",0.0537034965034965,0.0406280350877193,0.0415201754385965,0.0395032631578947,0.0403326573426573,-0.0133708391608392
"20110603",-0.00306541958041958,0.00107224561403509,0.00137087719298246,-0.00172961403508772,-0.00535496503496503,-0.00228954545454545
"20110610",-0.0557811538461538,-0.043952701754386,-0.0434189122807018,-0.0374644210526316,-0.0401098251748252,0.0156713286713287
"20110617",0.0677871328671329,0.0601346666666667,0.0628822456140351,0.0652864912280702,0.069926048951049,0.00213891608391609
"20110624",0.0268598951048951,0.0286941403508772,0.0323333684210526,0.0361225263157895,0.033413006993007,0.00655311188811189
"20110701",0.0243106643356643,0.0151479649122807,0.0124908771929825,0.0155384210526316,0.0126685314685315,-0.0116421328671329
"20110708",0.0140902447552448,0.0204316140350877,0.0161712280701754,0.0195185614035088,0.0234628321678322,0.00937258741258741
"20110715",-0.0562622377622378,-0.057708350877193,-0.0565586315789474,-0.0623628070175439,-0.0624980769230769,-0.00623583916083916
"20110722",0.00884545454545455,0.0102073684210526,0.010674,0.0067680350877193,0.00845541958041958,-0.000390034965034964
"20110729",-0.0643552739726027,-0.0755048630136986,-0.0804608561643836,-0.0766226369863014,-0.0870625684931507,-0.0227072945205479
"20110805",0.0545472945205479,0.054616404109589,0.0561210273972603,0.050163595890411,0.0517918150684932,-0.00275547945205479
"20110812",-0.0510378424657534,-0.0435953082191781,-0.0399877397260274,-0.0426857191780822,-0.0389727397260274,0.012065102739726
"20110819",0.0182677397260274,0.0271685273972603,0.0331651712328767,0.0357700342465753,0.0358103767123288,0.0175426369863014
"20110826",-0.0607227054794521,-0.0566398630136986,-0.0547160273972603,-0.049486095890411,-0.0498102739726027,0.0109124315068493
"20110902",-0.0202864383561644,-0.0145981849315068,-0.00900832191780822,-0.0101205479452055,-0.00770479452054795,0.0125816438356164
"20110909",-0.00570880136986301,-0.00496794520547945,0.00168609589041096,0.000238047945205479,0.000836712328767123,0.00654551369863014
"20110916",-0.0254951369863014,-0.0211183561643836,-0.0193395205479452,-0.0150175,-0.0107046232876712,0.0147905136986301
"20110923",-0.059379897260274,-0.0537671575342466,-0.0549814383561644,-0.0531814383561644,-0.0524322945205479,0.00694760273972603
"20110930",0.0391779109589041,0.0416678082191781,0.0415864383561644,0.0421517465753425,0.0455728082191781,0.00639489726027397
"20111014",-0.0614275342465753,-0.0644516095890411,-0.0646828082191781,-0.0710633561643836,-0.0694419178082192,-0.00801438356164384
"20111021",0.0574849657534247,0.0539778424657534,0.0612682534246575,0.0646366780821918,0.0740831164383562,0.0165981506849315
"20111028",0.018340102739726,0.0236213356164384,0.0288540410958904,0.0280218493150685,0.036312602739726,0.0179725
"20111104",0.0109652739726027,0.0112642123287671,0.0118991438356164,0.0158507534246575,0.0104447602739726,-0.000520513698630137
"20111111",-0.0422882876712329,-0.0464973287671233,-0.0441894863013699,-0.0452244178082192,-0.0471057534246575,-0.00481746575342466
"20111118",-0.013296404109589,-0.0150563356164384,-0.0209871917808219,-0.0182538907849829,-0.0184017182130584,-0.00510531410346938
"20111125",-0.0623738356164384,-0.0581684589041096,-0.0558493150684932,-0.0551364726027397,-0.0559964383561644,0.00637739726027397
"20111202",-0.0213980479452055,-0.0231580136986301,-0.0169042465753425,-0.0232922945205479,-0.0248249657534247,-0.00342691780821918
"20111209",-0.0489047602739726,-0.0598787671232877,-0.0587372945205479,-0.0694949657534247,-0.0698369520547945,-0.0209321917808219
"20111216",-0.0485053082191781,-0.0398283904109589,-0.038708904109589,-0.0377627397260274,-0.0285909246575342,0.0199143835616438
"20111223",-0.0470212328767123,-0.0385217123287671,-0.0405312671232877,-0.0359857534246575,-0.0342591438356164,0.0127620890410959
"20111230",0.0319783561643836,0.0437144520547945,0.0471712671232877,0.0579277397260274,0.0683099315068493,0.0363315753424658
"20120106",-0.035098904109589,-0.0300083219178082,-0.0206043150684932,-0.0160337328767123,-0.0113075684931507,0.0237913356164384
"20120113",0.0354767123287671,0.0484159246575342,0.0523431849315069,0.0526258219178082,0.0567255821917808,0.0212488698630137
"20120120",0.0271783561643836,0.0307120205479452,0.0357733561643836,0.0411572602739726,0.0485192808219178,0.0213409246575342
"20120203",0.0309114790996785,0.0284437096774194,0.0334012258064516,0.0357786774193548,0.037432540192926,0.00652106109324759
"20120210",0.0115947266881029,0.0146392903225806,0.0159599032258065,0.022279,0.0243422508038585,0.0127475241157556
"20120217",0.041277845659164,0.0466048709677419,0.0487844838709677,0.0504456451612903,0.0503852411575563,0.00910739549839228
"20120224",0.0123256591639871,0.00745777419354839,0.00694370967741935,0.00709083870967742,0.006598038585209,-0.00572762057877814
"20120302",0.0143258520900322,0.0170343548387097,0.0179597741935484,0.0205138064516129,0.0231285209003215,0.00880266881028939
"20120309",-0.0156963665594855,-0.0164608709677419,-0.0148987741935484,-0.0124168709677419,-0.00561450160771704,0.0100818649517685
"20120316",-0.0458032475884244,-0.0409438709677419,-0.0399856451612903,-0.0387529032258065,-0.0407976205787781,0.0050056270096463
"20120323",-0.0474548553054662,-0.0396035806451613,-0.0406398387096774,-0.0352805161290323,-0.0345219292604502,0.0129329260450161
"20120330",0.0338226045016077,0.0369195161290323,0.0426736451612903,0.0391828709677419,0.0275064951768489,-0.00631610932475885
"20120406",0.0423350482315113,0.0531090967741936,0.0629974838709677,0.0570475483870968,0.0441936012861736,0.00185855305466238
"20120413",-0.00865189710610932,0.00565441935483871,0.00881412903225806,0.00485629032258065,0.00110225080385852,0.00975414790996785
"20120420",0.00438424437299035,0.00616648387096774,0.00982670967741935,0.00786787096774194,0.00515627009646302,0.000772025723472669
"20120427",0.00414778135048232,-0.00482625806451613,-0.00105390322580645,0.000775741935483871,0.00448816720257235,0.000340385852090032
"20120504",-0.0203126688102894,-0.022845935483871,-0.0192028064516129,-0.0226802258064516,-0.0188363987138264,0.00147627009646302
"20120511",-0.0185844051446945,-0.019787935483871,-0.0119456451612903,-0.0164503225806452,-0.0199496463022508,-0.00136524115755627
"20120518",0.00733131832797428,0.0126595161290323,0.00870945161290323,0.004418,0.0011556270096463,-0.00617569131832797
"20120525",-0.0219917363344051,-0.0241135483870968,-0.0197372258064516,-0.0193902580645161,-0.0138364308681672,0.00815530546623794
"20120601",-0.000568938906752412,0.00337335483870968,0.00404916129032258,0.00530848387096774,0.00337405144694534,0.00394299035369775
"20120608",0.00936887459807074,0.0123747096774194,0.0132073870967742,0.0134807096774194,0.0205081993569132,0.0111393247588424
"20120615",-0.052014308681672,-0.0537276129032258,-0.0518517741935484,-0.0534407741935484,-0.0513199035369775,0.000694405144694536
"20120621",0.0104515434083601,0.00641570967741935,0.00083358064516129,-0.00464187096774194,-0.00684144694533762,-0.0172929903536977
"20120629",-0.0232930868167203,-0.028862064516129,-0.0320780322580645,-0.0377636774193548,-0.0426359807073955,-0.0193428938906752
"20120706",-0.0277850160771704,-0.0314993225806452,-0.0334725161290323,-0.0331993870967742,-0.0363850482315113,-0.00860003215434083
"20120713",0.00614607717041801,0.00929467741935484,0.0173611612903226,0.0174202903225806,0.024046270096463,0.017900192926045
"20120720",-0.0463863665594855,-0.0373618709677419,-0.039772,-0.0351108709677419,-0.0320254019292604,0.0143609646302251
"20120727",0.0433483922829582,0.0297481935483871,0.0331000967741935,0.0313482903225806,0.0243487781350482,-0.01899961414791
"20120803",-0.00168876832844575,-0.0046375,-0.00261873529411765,-0.00325435294117647,0.00531052941176471,0.00699929774021045
"20120810",-0.0117692375366569,-0.007415,-0.00583688235294118,-0.00302552941176471,0.000453794117647059,0.012223031654304
"20120817",-0.0326447507331378,-0.0336771470588235,-0.0284722941176471,-0.028125,-0.0307257058823529,0.00191904485078489
"20120824",0.00274826979472141,0.000473764705882353,0.00756785294117647,0.0118414411764706,0.00293902941176471,0.000190759617043298
"20120831",0.0378294428152493,0.0493536176470588,0.0537785882352941,0.0587504117647059,0.0646332941176471,0.0268038513023978
"20120907",-0.0421773607038123,-0.0378144117647059,-0.0401942058823529,-0.0324025,-0.0358470882352941,0.0063302724685182
"20120914",-0.0259303225806452,-0.0231142352941176,-0.0258738235294118,-0.0262062647058824,-0.0295741176470588,-0.00364379506641366
"20120921",0.00384768328445748,0.00350788235294118,0.00179955882352941,0.00813111764705882,0.00746426470588235,0.00361658142142488
"20120928",0.0102099120234604,0.0145069705882353,0.0106300588235294,0.0159127647058824,0.0144197352941176,0.00420982327065724
"20121012",0.0153428739002933,0.0214522647058824,0.0295391176470588,0.0299192647058824,0.0290014117647059,0.0136585378644126
"20121019",-0.045881642228739,-0.0456316764705882,-0.0449032058823529,-0.0416986470588235,-0.0475005,-0.001618857771261
"20121026",0.0180015542521994,0.0246898823529412,0.0273970588235294,0.0283938529411765,0.0276515588235294,0.00965000457133
"20121102",-0.0280319061583578,-0.0272958823529412,-0.0263835882352941,-0.0293103529411765,-0.0307548529411765,-0.0027229467828187
"20121109",-0.0418155131964809,-0.0384737941176471,-0.0390682941176471,-0.0423857941176471,-0.041443,0.000372513196480941
"20121116",-0.0146211143695015,-0.0107218823529412,-0.00985411764705882,-0.0130507058823529,-0.0109450588235294,0.00367605554597206
"20121123",-0.0687472727272727,-0.0747304985337243,-0.0903006194690266,-0.0921775,-0.0978040294117647,-0.029056756684492
"20121130",0.0784706744868035,0.0823617352941177,0.0878867058823529,0.0884621764705882,0.0990967058823529,0.0206260313955494
"20121207",0.0181886217008798,0.0275503529411765,0.0298401764705882,0.0302997647058824,0.0322906764705882,0.0141020547697085
"20121214",0.00279105571847507,0.00239770588235294,0.00737814705882353,0.00886441176470588,0.0130908823529412,0.0102998266344661
"20121221",0.0417819941348974,0.0492499117647059,0.0495174117647059,0.0487448823529412,0.0554618235294118,0.0136798293945144
"20121228",0.0211693255131965,0.0211366176470588,0.0218136176470588,0.0311741176470588,0.0362824705882353,0.0151131450750388
"20130104",0.0216921994134897,0.0252903529411765,0.0222309705882353,0.0311028529411765,0.0482868529411765,0.0265946535276867
"20130111",0.0160904105571847,0.0256228823529412,0.030794,0.0322719411764706,0.0340739411764706,0.0179835306192858
"20130118",-0.00794674486803519,-0.0113357352941176,-0.0115120294117647,-0.0162211176470588,-0.0220455882352941,-0.0140988433672589
"20130125",-0.00562436950146628,0.00964538235294118,0.00887261764705882,0.0122660588235294,0.0168487058823529,0.0224730753838192
"20130201",0.0392038624338624,0.0350310079575597,0.0333,0.0309976392572944,0.036348544973545,-0.00285531746031746
"20130208",-0.0148924338624339,-0.0168131299734748,-0.0166774801061008,-0.0101040053050398,-0.00172637566137566,0.0131660582010582
"20130222",-0.0140413756613757,-0.0151674535809019,-0.0182444827586207,-0.0236262864721485,-0.0192438888888889,-0.00520251322751323
"20130301",0.0123971164021164,0.015841724137931,0.0206083023872679,0.0277598143236074,0.0340630158730159,0.0216658994708995
"20130308",-0.034511455026455,-0.0464598673740053,-0.0464520689655172,-0.0458113527851459,-0.0489033333333333,-0.0143918783068783
"20130315",0.0412549206349206,0.0395644827586207,0.0383543766578249,0.0415314058355438,0.0392300264550265,-0.00202489417989418
"20130322",-0.0239018518518519,-0.0215712466843501,-0.0319209549071618,-0.0333170026525199,-0.0349413492063492,-0.0110394973544974
"20130329",-0.0233392857142857,-0.0180922281167109,-0.0113778779840849,-0.00840819628647215,0.0012355291005291,0.0245748148148148
"20130403",-0.0229358201058201,-0.0248700795755968,-0.0262502652519894,-0.0219216180371353,-0.0109182010582011,0.012017619047619
"20130412",0.0497812962962963,0.0436937135278515,0.0396755437665782,0.0372365782493369,0.0335358994708995,-0.0162453968253968
"20130419",-0.0363705291005291,-0.0347587798408488,-0.0396905835543767,-0.0413666578249337,-0.0468337566137566,-0.0104632275132275
"20130426",0.0509592328042328,0.0470696286472149,0.0500041379310345,0.0440672148541114,0.0421673544973545,-0.00879187830687831
"20130503",0.0251047354497354,0.0255092572944297,0.0248586737400531,0.0225266843501326,0.0221645502645503,-0.00294018518518518
"20130510",0.0420285714285714,0.0392136870026525,0.0369015119363395,0.0351452785145889,0.0369137830687831,-0.00511478835978836
"20130517",0.022537380952381,0.0212963395225464,0.0191392572944297,0.0183088063660477,0.0135937037037037,-0.00894367724867725
"20130524",-0.0124106084656085,-0.00351161803713528,-0.0012751724137931,0.00418806366047745,0.0085318253968254,0.0209424338624339
"20130531",-0.0704342857142857,-0.076176100795756,-0.0849502387267904,-0.0829262864721485,-0.0833100529100529,-0.0128757671957672
"20130607",-0.00754354497354497,-0.0111409283819629,-0.0160805305039788,-0.0174572679045093,-0.0197827513227513,-0.0122392063492064
"20130614",-0.100605026455026,-0.0993833687002652,-0.104237029177719,-0.102667453580902,-0.105297989417989,-0.00469296296296295
"20130621",0.0270441798941799,0.0132032891246684,0.0107175331564987,0.00603771883289125,-0.0120110317460317,-0.0390552116402116
"20130628",-0.0220460846560847,-0.020556100795756,-0.0187824668435013,-0.0251037135278515,-0.0250340740740741,-0.00298798941798942
"20130705",0.0659069576719577,0.0759361273209549,0.0724077718832891,0.0737531034482759,0.0687593121693122,0.00285235449735449
"20130712",-0.0110605555555556,-0.0107741909814324,-0.00976809018567639,-0.0108654907161804,-0.0214947619047619,-0.0104342063492063
"20130719",-0.0156411111111111,-0.00672787798408488,-0.00142525198938992,0.00147222811671088,-0.00421785714285714,0.011423253968254
"20130726",0.0482967989417989,0.050795225464191,0.0499832891246684,0.0490109814323607,0.0523603174603175,0.00406351851851852
"20130802",0.0104168734491315,0.0167771960297767,0.0199462437810945,0.0329961786600496,0.0418318858560794,0.0314150124069479
"20130809",-0.00769208436724566,-0.010007841191067,-0.0110420895522388,-0.00627682382133995,-0.00441352357320099,0.00327856079404466
"20130816",0.026581364764268,0.0259562034739454,0.0242296517412935,0.0239573697270471,0.0203855583126551,-0.0061958064516129
"20130823",-0.0158538709677419,-0.0140342431761787,6.17412935323384e-05,0.00436004962779156,0.0171983622828784,0.0330522332506203
"20130830",0.0327655334987593,0.0284172208436725,0.0318299502487562,0.0330640198511166,0.0336643672456576,0.000898833746898267
"20130906",0.0014733746898263,0.00450667493796526,0.00559781094527363,0.0108868486352357,0.0178629280397022,0.0163895533498759
"20130913",0.0158248387096774,0.00729724565756824,0.00133616915422886,0.00178632754342432,0.00089091811414392,-0.0149339205955335
"20130918",-0.00505171215880893,-0.00572930521091811,-0.00934810945273632,-0.0120267741935484,-0.013347047146402,-0.00829533498759305
"20130927",0.0503606203473945,0.0507514392059553,0.0478692786069652,0.0445910918114144,0.0413015632754342,-0.00905905707196029
"20130930",0.0335947394540943,0.039339205955335,0.0322607711442786,0.0288213399503722,0.0244382630272953,-0.00915647642679901
"20131011",-0.00185315136476427,0.00187960297766749,0.000739925373134328,-0.000893771712158809,0.000984813895781638,0.00283796526054591
"20131018",-0.0717901736972705,-0.0586195781637717,-0.0497984328358209,-0.0539914392059553,-0.0547704962779156,0.0170196774193548
"20131025",-0.0327870223325062,-0.0181575682382134,-0.0123232089552239,-0.0131855086848635,-0.0138972208436725,0.0188898014888337
"20131101",-0.0159321091811414,-0.0149547394540943,-0.018126592039801,-0.0194195533498759,-0.0151806947890819,0.000751414392059552
"20131108",0.0414785111662531,0.0489861538461538,0.0389798507462687,0.0469317617866005,0.0464175682382134,0.0049390570719603
"20131115",0.00259789081885856,0.00948183622828784,0.00474952736318408,0.00544794044665012,0.0050860794044665,0.00248818858560794
"20131122",-0.033829205955335,-0.0268648635235732,-0.0185735323383085,-0.014869776674938,-0.0209853101736973,0.0128438957816377
"20131129",0.0363737220843672,0.0451036972704715,0.0411381094527363,0.0437801736972705,0.0380573449131514,0.00168362282878412
"20131206",-0.0195329776674938,-0.021225111662531,-0.0144225124378109,-0.0168374441687345,-0.0114437717121588,0.00808920595533499
"20131213",-0.0367715136476427,-0.0307551612903226,-0.0266518407960199,-0.0311430272952854,-0.0331457320099256,0.00362578163771712
"20131220",0.028717047146402,0.0249420843672457,0.0204826119402985,0.0170544416873449,0.0154105459057072,-0.0133065012406948
"20131227",-0.0202165756823821,-0.0204690074441687,-0.0190012437810945,-0.0185664019851117,-0.0219096526054591,-0.00169307692307692
"20140103",-0.0142154106280193,-0.0300461259079903,-0.028431038647343,-0.0271710169491525,-0.0319069565217391,-0.0176915458937198
"20140110",0.00960980676328502,0.0102406295399516,0.00993178743961353,0.00750663438256659,0.00493268115942029,-0.00467712560386473
"20140117",0.054258309178744,0.0508534382566586,0.0519721256038647,0.0518086682808717,0.0511679468599034,-0.00309036231884058
"20140124",0.0563033333333333,0.045091186440678,0.0455127053140097,0.0405313075060533,0.0357108695652174,-0.0205924637681159
"20140130",0.0306282367149758,0.0455463680387409,0.048164154589372,0.0514033898305085,0.0533108695652174,0.0226826328502415
"20140207",0.0277105797101449,0.0392415254237288,0.039923309178744,0.0415199516908213,0.0372476755447942,0.00953709583464926
"20140214",-0.0178762560386473,-0.0190289104116223,-0.0255988888888889,-0.0233994673123487,-0.0162053623188406,0.00167089371980676
"20140221",-0.0195150241545894,-0.0138444309927361,-0.0112950966183575,-0.00475883777239709,-0.00275169082125604,0.0167633333333333
"20140228",-0.0437575362318841,-0.04678200968523,-0.0443014492753623,-0.0413800726392252,-0.0358678260869565,0.00788971014492754
"20140307",0.0166285990338164,0.0290515254237288,0.0285252657004831,0.0313377481840194,0.0303497101449275,0.0137211111111111
"20140314",-0.0132399758454106,0.00313232445520581,0.012394347826087,0.0189032929782082,0.0198544202898551,0.0330943961352657
"20140321",-0.0554418115942029,-0.0451044794188862,-0.0403898550724638,-0.0283377239709443,-0.0297924396135266,0.0256493719806763
"20140328",0.023105652173913,0.033691210653753,0.0365834057971014,0.0329739709443099,0.0380013043478261,0.014895652173913
"20140404",0.0154064251207729,0.0102037288135593,0.00587804347826087,0.00521665859564165,0.00988932367149759,-0.00551710144927536
"20140411",-0.0179464251207729,-0.019055181598063,-0.0203223188405797,-0.0209535593220339,-0.0161798792270531,0.0017665458937198
"20140418",-0.0701641062801932,-0.0742390799031477,-0.0631954830917874,-0.0655465375302663,-0.0756726328502415,-0.00550852657004831
"20140425",0.0209340338164251,0.0211323486682809,0.0185266987951807,0.0169900242718447,0.0208689371980676,-6.50966183574873e-05
"20140430",-0.00393031400966184,0.00700392251815981,0.0086124154589372,0.0119876271186441,0.0110938888888889,0.0150242028985507
"20140509",-0.0256363768115942,-0.025181186440678,-0.0250488888888889,-0.0264009443099274,-0.0261719323671498,-0.000535555555555553
"20140516",0.0249447584541063,0.0277249152542373,0.0320067149758454,0.0337728813559322,0.0376188888888889,0.0126741304347826
"20140523",-0.00770951690821256,-0.00240760290556901,-0.000580700483091787,-0.0016010411622276,-0.00251086956521739,0.00519864734299517
"20140530",0.00542574879227053,0.00601641646489104,0.00554270531400966,0.00684544794188862,0.00906434782608696,0.00363859903381642
"20140606",0.0278745652173913,0.028675593220339,0.0294283816425121,0.0303113559322034,0.0334430676328502,0.00556850241545894
"20140613",-0.0220338888888889,-0.0220337046004843,-0.0226598792270531,-0.0253168523002421,-0.0209013043478261,0.0011325845410628
"20140620",0.0249128743961353,0.0288402421307506,0.0333524637681159,0.0387192251815981,0.0387164251207729,0.0138035507246377
"20140627",0.0142981642512077,0.015078014527845,0.0176025845410628,0.0213281113801453,0.0220082608695652,0.00771009661835749
"20140704",0.0107339631336406,0.0184182909930716,0.0210017782909931,0.0167148729792148,0.0171324711316397,0.00639850799799917
"20140711",-0.0265748847926267,-0.0186671362586605,-0.0128434642032333,-0.0109527713625866,-0.0052761662817552,0.0212987185108715
"20140718",0.019774400921659,0.0260889838337182,0.0292248267898383,0.0326698614318707,0.0339232101616628,0.0141488092400038
"20140725",0.0254951152073733,0.0274022632794457,0.0263903695150115,0.0292492147806005,0.0301103002309469,0.00461518502357361
"20140801",0.0198252304147465,0.017790831408776,0.0256014318706697,0.0266882217090069,0.0274117782909931,0.00758654787624653
"20140808",0.0238337788018433,0.0273946651270208,0.0243366281755196,0.0293592609699769,0.0333488221709007,0.00951504336905737
"20140815",-0.00206251152073733,0.00367642032332564,0.00864870669745958,0.00704579676674365,0.0103896535796767,0.012452165100414
"20140822",0.0049302534562212,0.0075519168591224,0.00873556581986143,0.00691642032332563,0.00140732101616628,-0.00352293244005492
"20140829",0.0427458986175115,0.0461182909930716,0.0439666050808314,0.0468167205542725,0.0401931177829099,-0.00255278083460159
"20140905",-0.0136805069124424,-0.00504678983833718,0.00195304849884527,-0.00474581986143187,0.000809376443418014,0.0144898833558604
"20140912",-0.0169854608294931,-0.0169384757505774,-0.015531454965358,-0.0181078060046189,-0.0193148498845266,-0.00232938905503347
"20140919",0.0376564055299539,0.0490382678983834,0.0467445265588915,0.0418266974595843,0.0375821478060046,-7.42577239492975e-05
"20140926",0.0122371428571429,0.0188339722863741,0.0212962355658199,0.0203071593533487,0.0223085912240185,0.0100714483668756
"20140930",-0.00290375576036866,0.00299662817551963,0.00432374133949192,0.0027003233256351,-0.00338618937644342,-0.000482433616074755
"20141010",-0.013383732718894,-0.00995279445727483,-0.00872581986143187,-0.00958949191685912,-0.0145808083140878,-0.00119707559519375
"20141017",-0.030908732718894,-0.0338687990762125,-0.0228672979214781,-0.0259406697459584,-0.026515311778291,0.00439342094060301
"20141024",0.0411647004608295,0.0565252886836028,0.059279168591224,0.0499784988452656,0.0445159584295612,0.00335125796873171
"20141031",-0.00488481566820276,0.0074284064665127,0.00367891454965358,0.000269884526558891,-0.00016445727482679,0.00472035839337598
"20141107",-0.0151301382488479,-0.0229643879907621,-0.0235929792147806,-0.0221858660508083,-0.0162211547344111,-0.00109101648556316
"20141114",0.0284208064516129,0.0361188452655889,0.0336166281755196,0.0322464434180139,0.0234901154734411,-0.0049306909781718
"20141121",0.0149408525345622,0.0190041339491917,0.0219585219399538,0.020455727482679,0.0153047806004619,0.000363928065899683
"20141128",0.0137659447004608,0.0271984064665127,0.0329316166281755,0.0104947113163972,0.00689242494226328,-0.00687351975819755
"20141205",0.0262193548387097,0.0278627713625866,0.0296282448036952,0.0341164665127021,0.0279919168591224,0.00177256202041272
"20141212",-0.0628222119815668,-0.0485566743648961,-0.058456143187067,-0.073218129330254,-0.0895851732101617,-0.0267629612285948
"20141219",-0.00509377880184332,0.0119376212471132,0.0121939722863741,0.00522210161662818,0.00481182448036952,0.00990560328221283
"20141226",0.00516460829493088,0.0199901154734411,0.0229739030023095,0.0208322401847575,0.0302060277136259,0.025041419418695
"20141231",-0.0189347321428571,-0.0241758612975391,-0.0180829464285714,-0.00791778523489933,0.00868136160714286,0.02761609375
"20150109",-0.00422578125,-0.0178360850111857,-0.0110203348214286,-0.000863176733780761,0.0116444196428571,0.0158702008928571
"20150116",0.0805133258928571,0.085187293064877,0.0868772321428571,0.0809311185682327,0.0814745535714286,0.00096122767857143
"20150123",-0.0283904017857143,-0.0231624384787472,-0.0253636830357143,-0.0138286577181208,-0.0149513392857143,0.0134390625
"20150130",-0.0179390401785714,-0.0214325950782998,-0.0172928794642857,-0.0119969351230425,-0.0134205580357143,0.00451848214285714
"20150206",0.0656703571428571,0.0603137583892617,0.06726921875,0.0648814765100671,0.0640090178571429,-0.00166133928571428
"20150213",0.0424705803571429,0.0432927964205817,0.0479985044642857,0.0472661968680089,0.0463740178571429,0.0039034375
"20150217",0.0485624330357143,0.0492505369127517,0.0537025446428571,0.0524123042505593,0.0517715178571429,0.00320908482142857
"20150227",0.0170570758928571,0.0149780089485459,0.0191919419642857,0.0186115659955257,0.0230638169642857,0.00600674107142857
"20150306",0.0466509151785714,0.044836644295302,0.0500494866071429,0.0549776286353468,0.0470486830357143,0.000397767857142857
"20150313",0.0690504017857143,0.0722539821029083,0.0711426116071429,0.0780751454138702,0.0681344196428571,-0.000915982142857139
"20150320",0.0131708705357143,0.0225923937360179,0.0315685044642857,0.0355641834451902,0.0325411607142857,0.0193702901785714
"20150327",0.0951843303571429,0.0920770469798658,0.0803702232142857,0.0820911185682327,0.0643207589285714,-0.0308635714285714
"20150403",0.0205627232142857,0.0262099552572707,0.0267806473214286,0.0306008724832215,0.0323526116071429,0.0117898883928571
"20150410",-0.0688064732142857,-0.0513020357941834,-0.0335503794642857,-0.0120547874720358,-0.00305254464285714,0.0657539285714286
"20150417",0.0718351116071429,0.0851506935123043,0.0798431026785714,0.0885257494407159,0.0786652008928571,0.00683008928571428
"20150424",-0.0231240625,-0.0310092170022371,-0.0209446205357143,-0.0280247427293065,-0.0359298883928571,-0.0128058258928571
"20150430",0.0211231473214286,0.00943340044742729,0.0154712276785714,0.0175770469798658,0.00517805803571429,-0.0159450892857143
"20150508",0.0556777901785714,0.0463221252796421,0.06246078125,0.0406721476510067,0.0406632589285714,-0.01501453125
"20150515",0.0919883928571429,0.118032237136465,0.128349888392857,0.130623870246085,0.125083705357143,0.0330953125
"20150522",0.0444281919642857,0.0491733109619687,0.0500634821428571,0.0528064653243848,0.0485418303571429,0.00411363839285715
"20150529",0.00856964205816555,0.0375661073825503,0.0487397091722595,0.0745934004474273,0.0784921029082774,0.0699224608501119
"20150605",0.030847293064877,0.0414720581655481,0.0468026174496644,0.0447508501118568,0.0361725950782998,0.00532530201342282
"20150612",-0.131115838926174,-0.127130022371365,-0.116399105145414,-0.101832639821029,-0.117338232662192,0.0137776062639821
"20150619",-0.108683042505593,-0.134752237136465,-0.119660894854586,-0.130427382550336,-0.137051946308725,-0.028368903803132
"20150626",-0.153345302013423,-0.24424548098434,-0.220880581655481,-0.21564903803132,-0.200638635346756,-0.0472933333333334
"20150703",0.00710825806451613,0.0260950752688172,0.0374684301075269,0.0569244301075269,0.0514093548387097,0.0443010967741935
"20150710",0.0159264301075269,0.0520116344086022,0.0575510967741935,0.0948827096774194,0.152519032258065,0.136592602150538
"20150717",-0.0162191397849462,-0.0322259569892473,-0.0353335913978495,-0.0323546666666667,0.0018470752688172,0.0180662150537634
"20150724",-0.0998936344086021,-0.0980615483870968,-0.064256623655914,-0.0604350107526882,-0.0460194623655914,0.0538741720430108
"20150731",0.087281311827957,0.148301311827957,0.138908107526882,0.154074494623656,0.147374580645161,0.0600932688172043
"20150807",0.024923376344086,0.0575175268817204,0.0529696344086022,0.0641469462365591,0.0571843870967742,0.0322610107526882
"20150814",-0.213472860215054,-0.25468623655914,-0.224859935483871,-0.240459591397849,-0.21789752688172,-0.00442466666666666
"20150821",-0.0632613548387097,-0.0659788602150538,-0.0551270967741935,-0.0641732688172043,-0.067282064516129,-0.00402070967741935
"20150828",-0.0197332903225806,-0.00280750537634409,0.00483356989247312,0.0191985591397849,0.0118900860215054,0.031623376344086
"20150902",0.00860694623655914,-0.00188817204301075,0.00332365591397849,0.00904406451612903,0.0092229247311828,0.000615978494623656
"20150911",0.0521516559139785,0.0560410107526882,0.0416307956989247,0.0496692258064516,0.0300580430107527,-0.0220936129032258
"20150918",-0.00263806451612903,-0.00271868817204301,-0.00751632258064516,0.00187017204301075,0.00122275268817204,0.00386081720430108
"20150925",0.073252623655914,0.0937049677419355,0.0779573548387097,0.0972995913978495,0.0819851827956989,0.00873255913978495
"20150930",0.0811143870967742,0.100332258064516,0.0833611827956989,0.0961138279569893,0.0957817419354839,0.0146673548387097
"20151009",0.0484586666666667,0.053756752688172,0.0361205591397849,0.0469610967741936,0.0554241075268817,0.00696544086021506
"20151016",0.0191541720430108,0.0304269032258065,0.0268901720430108,0.0382403870967742,0.0378561290322581,0.0187019569892473
"20151023",-0.0408610322580645,-0.0364696774193548,-0.0264705806451613,-0.0228585591397849,-0.0269597204301075,0.013901311827957
"20151030",0.0836929462365591,0.0958730107526882,0.078976623655914,0.100712817204301,0.0847060860215054,0.00101313978494624
"20151106",0.0300564946236559,0.036058064516129,0.0247788817204301,0.0235365376344086,0.0382366451612903,0.00818015053763441
"20151113",-0.00158344086021505,0.00734361290322581,0.0152658709677419,0.0190412043010753,0.0275225161290323,0.0291059569892473
"20151120",-0.0344733333333333,-0.029682,-0.0311818064516129,-0.0430827741935484,-0.0320110107526882,0.00246232258064516
"20151127",0.0126311182795699,0.0280259139784946,0.036080623655914,0.0410623225806452,0.0365444731182796,0.0239133548387097
"20151204",-0.0233645806451613,-0.0178331397849462,-0.00502449462365591,-0.0105860215053763,-0.0143137204301075,0.00905086021505377
"20151211",0.0533394838709677,0.056910623655914,0.0535524516129032,0.0568051397849462,0.0502508817204301,-0.00308860215053763
"20151218",-0.0225277634408602,-0.0151971397849462,-0.0179930752688172,-0.010999247311828,-0.0206358924731183,0.00189187096774194
"20151225",-0.108515204301075,-0.105032580645161,-0.0948661290322581,-0.0878868602150538,-0.098416752688172,0.0100984516129032
"20151231",-0.144444461206897,-0.162931077586207,-0.147816198704104,-0.132757176724138,-0.153703685344828,-0.00925922413793104
"20160108",-0.0476985560344828,-0.0346249137931035,-0.0218083585313175,-0.0114786206896552,-0.0192524353448276,0.0284461206896552
"20160115",0.00129969827586207,0.0237529956896552,0.0236349244060475,0.0203754310344828,0.0294652586206897,0.0281655603448276
"20160122",-0.118082306034483,-0.117724094827586,-0.110268012958963,-0.111245344827586,-0.119956681034483,-0.001874375
"20160129",0.0462140301724138,0.0590252586206897,0.0565406695464363,0.0550731034482759,0.0512619612068966,0.00504793103448276
"20160205",0.0722909482758621,0.075180150862069,0.0827303671706263,0.0871034698275862,0.0966625,0.0243715517241379
"20160219",-0.149041745689655,-0.154644547413793,-0.135560431965443,-0.142074935344828,-0.143775129310345,0.00526661637931033
"20160226",0.0450493534482759,0.0637638362068965,0.0718426781857451,0.0798364224137931,0.0782130387931034,0.0331636853448276
"20160304",-0.0153941810344828,-0.00749316810344828,-0.000596695464362851,0.00625316810344828,0.00902385775862069,0.0244180387931034
"20160311",0.071974849137931,0.077746400862069,0.0759971058315335,0.0832695474137931,0.0867920905172414,0.0148172413793103
"20160318",-0.0073867025862069,-0.00752965517241379,-0.0101555939524838,-0.00395211206896552,-0.00245040948275862,0.00493629310344828
"20160325",0.0419470905172414,0.0451457543103448,0.037004211663067,0.04274,0.0443436206896552,0.00239653017241379
"20160401",-0.0148703017241379,-0.00703702586206897,-0.000421857451403888,0.00295058189655172,0.00826086206896552,0.0231311637931034
"20160408",-0.000774504310344828,0.00317202586206897,0.00825272138228942,0.0114367672413793,0.0115119181034483,0.0122864224137931
"20160415",-0.0508753232758621,-0.046946099137931,-0.046115464362851,-0.0528495905172414,-0.0501261853448276,0.000749137931034483
"20160422",0.0308824353448276,0.0349661206896552,0.0360744492440605,0.0349930603448276,0.0338324137931034,0.00294997844827586
"20160429",-0.087640625,-0.0878399784482759,-0.0787995680345572,-0.0718113362068965,-0.0702821120689655,0.0173585129310345
"20160506",0.0101339870689655,0.00266846982758621,0.00150406047516199,0.00279806034482759,-0.00271131465517241,-0.0128453017241379
"20160513",-0.00269038793103448,-0.0031673275862069,-0.00109572354211663,0.000718728448275862,0.00171702586206897,0.00440741379310345
"20160520",-0.0189212284482759,-0.0120585775862069,-0.0098841252699784,-0.0104320043103448,-0.0103271982758621,0.00859403017241379
"20160527",0.0544223922413793,0.0637200431034483,0.0592994816414687,0.0601814655172414,0.0634065732758621,0.00898418103448275
"20160603",-0.0102919396551724,-0.0160358620689655,-0.0122947084233261,-0.0172517887931034,-0.0219553232758621,-0.0116633836206897
"20160608",0.0480116810344828,0.0481146551724138,0.0418849460043197,0.0389021767241379,0.0302230603448276,-0.0177886206896552
"20160617",0.0075217025862069,0.01463375,0.0174835853131749,0.0249226724137931,0.0179913362068966,0.0104696336206897
"20160624",0.011903900862069,0.025380150862069,0.0336460691144708,0.0334418965517241,0.0448488577586207,0.0329449568965517
"20160701",-0.00402352051835853,0.00806049783549784,0.00549694805194805,0.0092137012987013,0.00955103896103896,0.0135745594793975
"20160708",0.000690064794816415,0.00731106060606061,0.0113537445887446,0.0177590692640693,0.0200673593073593,0.0193772945125429
"20160715",-0.011674535637149,-0.00117560606060606,0.00506909090909091,0.00642930735930736,0.00455158008658009,0.0162261157237291
"20160722",-0.0553969546436285,-0.0554577922077922,-0.0581942207792208,-0.0591032683982684,-0.0524198484848485,0.00297710615878002
"20160729",0.0282170410367171,0.0291344372294372,0.025804632034632,0.0306261688311688,0.0244401515151515,-0.00377688952156555
"20160805",0.0227666738660907,0.0227878354978355,0.0243364718614719,0.0251494805194805,0.0254290043290043,0.00266233046291361
"20160812",-0.00308693304535637,-0.00423634199134199,0.0038871645021645,0.000563852813852814,0.00439722943722944,0.00748416248258581
"20160819",0.00160311015118791,0.00439417748917749,0.00781281385281385,0.0059247619047619,0.00258164502164502,0.000978534870457117
"20160826",-0.00959991360691145,-0.00336850649350649,0.00072,-0.00650064935064935,-0.00477168831168831,0.00482822529522313
"20160902",-0.0197256155507559,-0.0159764069264069,-0.0129845021645022,-0.0165550432900433,-0.0199571212121212,-0.000231505661365271
"20160909",0.0150662634989201,0.0197949134199134,0.0173678787878788,0.0144380952380952,0.0143778138528139,-0.000688449646106235
"20160914",-0.0142434989200864,-0.0167371645021645,-0.0157316666666667,-0.0187959307359307,-0.0202480086580087,-0.00600450973792227
"20160923",0.0298035853131749,0.0359577705627706,0.0331752597402597,0.0331251082251082,0.0364388095238095,0.00663522421063458
"20160930",-0.00165539956803456,0.0015928354978355,-0.000499307359307359,0.000793268398268398,-0.00217943722943723,-0.000524037661402672
"20161014",0.0194012311015119,0.0207568398268398,0.021485670995671,0.0243391558441558,0.0232557792207792,0.00385454811926734
"20161021",-0.0141563930885529,-0.0100390909090909,-0.00721850649350649,-0.00954547619047619,-0.00927337662337662,0.00488301646517629
"20161028",0.0107262634989201,0.0142322943722944,0.0120448484848485,0.00831703463203463,0.00478294372294372,-0.00594331977597636
"20161104",0.0190151939655172,0.0260291106290672,0.0281399134199134,0.0230798917748918,0.0201729653679654,0.00115777140244813
"20161111",-0.000778466522678186,0.00220850649350649,0.00310627705627706,0.0064358658008658,0.00237878787878788,0.00315725440146606
"20161118",-0.00548572354211663,0.00352688311688312,0.00511670995670996,0.00657577922077922,0.000960692640692641,0.00644641618280927
"20161125",-0.0380658099352052,-0.0351530519480519,-0.0323990909090909,-0.028422380952381,-0.0278031385281385,0.0102626714070667
"20161202",-0.030267969762419,-0.0415208658008658,-0.0433382251082251,-0.0499916233766234,-0.0542051948051948,-0.0239372250427758
"20161209",0.02850343412527,0.0255989177489177,0.0181394155844156,0.0106349783549784,0.00758398268398268,-0.0209194514412873
"20161216",-0.00956343412526998,-0.00430119047619048,0.00258300865800866,-7.10822510822512e-05,0.00476738095238095,0.0143308150776509
"20161223",0.00312431965442765,0.00807512987012987,0.0101593722943723,0.00622270562770563,0.0048015367965368,0.00167721714210915
"20161230",0.00375127429805616,0.0112920779220779,0.0125067316017316,0.0102255627705628,0.0110789826839827,0.00732770838592653
"20170106",-0.0840496881496881,-0.075358375,-0.0703170625,-0.073589875,-0.079094,0.00495568814968815
"20170113",0.0249174428274428,0.0324889583333333,0.0233120416666667,0.0256036875,0.0299826666666667,0.00506522383922384
"20170120",0.00778835758835759,0.0109903541666667,0.013422625,0.0137872916666667,0.0138723958333333,0.00608403824497575
